car_id,highway,sens,entry_time_min,battery_pct,remaining_range_km,assigned_station_id,assigned_station_name,station_pk,station_chargers,arrival_time_min,arrival_slot,battery_slack_km,distance_to_station_km,distance_station_to_exit_km,waiting_time_min,charging_start_min,charging_end_min
0,A2,1,0,0.5548490743557977,221.93962974231906,2,Bellinzona-Nord,233.0,4,132.6,13,0.939629742319056,221.0,209.0,0.0,132.6,142.6
1,A2,1,1,0.31280286087671083,125.12114435068433,1,Neuenkirch-West,86.0,1,45.4,4,51.12114435068433,74.0,356.0,0.0,45.4,55.4
2,A2,1,2,0.6350812152451624,254.03248609806494,2,Bellinzona-Nord,233.0,4,134.6,13,33.032486098064936,221.0,209.0,0.0,134.6,144.6
3,A2,1,3,0.6693016489504184,267.72065958016736,2,Bellinzona-Nord,233.0,4,135.6,13,46.720659580167364,221.0,209.0,0.0,135.6,145.6
5,A2,1,5,0.26560768876478275,106.2430755059131,1,Neuenkirch-West,86.0,1,49.4,4,32.2430755059131,74.0,356.0,6.0,55.4,65.4
6,A2,1,6,0.5230112725701114,209.20450902804455,1,Neuenkirch-West,86.0,1,50.4,5,135.20450902804455,74.0,356.0,15.000000000000007,65.4,75.4
7,A2,1,7,0.4430763333781552,177.2305333512621,1,Neuenkirch-West,86.0,1,51.4,5,103.2305333512621,74.0,356.0,24.000000000000007,75.4,85.4
8,A2,1,8,0.496975791649228,198.7903166596912,1,Neuenkirch-West,86.0,1,52.4,5,124.7903166596912,74.0,356.0,33.00000000000001,85.4,95.4
9,A2,1,9,0.3464520930367556,138.58083721470226,1,Neuenkirch-West,86.0,1,53.4,5,64.58083721470226,74.0,356.0,42.00000000000001,95.4,105.4
10,A2,1,10,0.6582916354753091,263.31665419012364,2,Bellinzona-Nord,233.0,4,142.6,14,42.31665419012364,221.0,209.0,0.0,142.6,152.6
11,A2,1,11,0.6400025483772107,256.0010193508843,2,Bellinzona-Nord,233.0,4,143.6,14,35.00101935088429,221.0,209.0,0.0,143.6,153.6
12,A2,1,12,0.5118855255610189,204.75421022440753,1,Neuenkirch-West,86.0,1,56.4,5,130.75421022440753,74.0,356.0,49.00000000000001,105.4,115.4
13,A2,1,13,0.7029034172542459,281.16136690169833,2,Bellinzona-Nord,233.0,4,145.6,14,60.16136690169833,221.0,209.0,0.0,145.6,155.6
14,A2,1,14,0.5841516816053682,233.6606726421473,2,Bellinzona-Nord,233.0,4,146.6,14,12.66067264214729,221.0,209.0,0.0,146.6,156.6
15,A2,1,15,0.3453273566810171,138.13094267240683,1,Neuenkirch-West,86.0,1,59.4,5,64.13094267240683,74.0,356.0,56.00000000000001,115.4,125.4
16,A2,1,16,0.5663751411348498,226.5500564539399,2,Bellinzona-Nord,233.0,4,148.6,14,5.550056453939902,221.0,209.0,4.0,152.6,162.6
17,A2,1,17,0.32740113185078024,130.9604527403121,1,Neuenkirch-West,86.0,1,61.4,6,56.96045274031209,74.0,356.0,64.0,125.4,135.4
18,A2,1,18,0.6581210542353091,263.24842169412364,2,Bellinzona-Nord,233.0,4,150.6,15,42.248421694123635,221.0,209.0,3.0,153.6,163.6
19,A2,1,19,0.4910133360224745,196.4053344089898,1,Neuenkirch-West,86.0,1,63.4,6,122.4053344089898,74.0,356.0,72.0,135.4,145.4
20,A2,1,20,0.46672477456185313,186.68990982474125,1,Neuenkirch-West,86.0,1,64.4,6,112.68990982474125,74.0,356.0,81.0,145.4,155.4
21,A2,1,21,0.3774326820072906,150.97307280291622,1,Neuenkirch-West,86.0,1,65.4,6,76.97307280291622,74.0,356.0,90.0,155.4,165.4
22,A2,1,22,0.7200574409613254,288.0229763845302,2,Bellinzona-Nord,233.0,4,154.6,15,67.02297638453018,221.0,209.0,1.0,155.6,165.6
23,A2,1,23,0.47218469322761564,188.87387729104626,1,Neuenkirch-West,86.0,1,67.4,6,114.87387729104626,74.0,356.0,98.0,165.4,175.4
24,A2,1,24,0.4229009920106407,169.16039680425627,1,Neuenkirch-West,86.0,1,68.4,6,95.16039680425627,74.0,356.0,107.0,175.4,185.4
25,A2,1,25,0.4366159609121187,174.64638436484748,1,Neuenkirch-West,86.0,1,69.4,6,100.64638436484748,74.0,356.0,116.0,185.4,195.4
26,A2,1,26,0.5958156533996027,238.32626135984108,2,Bellinzona-Nord,233.0,4,158.6,15,17.326261359841084,221.0,209.0,0.0,158.6,168.6
27,A2,1,27,0.5657799315855341,226.31197263421365,2,Bellinzona-Nord,233.0,4,159.6,15,5.311972634213646,221.0,209.0,3.0,162.6,172.6
28,A2,1,28,0.5742918700872779,229.71674803491115,2,Bellinzona-Nord,233.0,4,160.6,16,8.716748034911149,221.0,209.0,3.0,163.6,173.6
29,A2,1,29,0.5775477805414189,231.01911221656755,2,Bellinzona-Nord,233.0,4,161.6,16,10.01911221656755,221.0,209.0,4.0,165.6,175.6
30,A2,1,30,0.885496568156683,354.1986272626732,2,Bellinzona-Nord,233.0,4,162.6,16,133.1986272626732,221.0,209.0,6.0,168.6,178.6
31,A2,1,31,0.4268452970507692,170.73811882030768,1,Neuenkirch-West,86.0,1,75.4,7,96.73811882030768,74.0,356.0,120.0,195.4,205.4
32,A2,1,32,0.40779630876712325,163.1185235068493,1,Neuenkirch-West,86.0,1,76.4,7,89.1185235068493,74.0,356.0,129.0,205.4,215.4
33,A2,1,33,0.353520908915382,141.40836356615281,1,Neuenkirch-West,86.0,1,77.4,7,67.40836356615281,74.0,356.0,138.0,215.4,225.4
34,A2,1,34,0.6108762960635892,244.35051842543567,2,Bellinzona-Nord,233.0,4,166.6,16,23.350518425435666,221.0,209.0,6.0,172.6,182.6
35,A2,1,35,0.7032150126897605,281.2860050759042,2,Bellinzona-Nord,233.0,4,167.6,16,60.2860050759042,221.0,209.0,6.0,173.6,183.6
36,A2,1,36,0.4794894576221225,191.795783048849,1,Neuenkirch-West,86.0,1,80.4,8,117.79578304884899,74.0,356.0,145.0,225.4,235.4
37,A2,1,37,0.34877183414674495,139.508733658698,1,Neuenkirch-West,86.0,1,81.4,8,65.50873365869799,74.0,356.0,154.0,235.4,245.4
38,A2,1,38,0.3515933811755769,140.63735247023078,1,Neuenkirch-West,86.0,1,82.4,8,66.63735247023078,74.0,356.0,163.0,245.4,255.4
39,A2,1,39,0.6171067018084462,246.84268072337846,2,Bellinzona-Nord,233.0,4,171.6,17,25.842680723378464,221.0,209.0,4.0,175.6,185.6
40,A2,1,40,0.6337857508166196,253.51430032664783,2,Bellinzona-Nord,233.0,4,172.6,17,32.51430032664783,221.0,209.0,6.0,178.6,188.6
41,A2,1,41,0.597767768294935,239.10710731797403,2,Bellinzona-Nord,233.0,4,173.6,17,18.107107317974027,221.0,209.0,9.0,182.6,192.6
42,A2,1,42,0.38020825268803504,152.08330107521402,1,Neuenkirch-West,86.0,1,86.4,8,78.08330107521402,74.0,356.0,169.0,255.4,265.4
43,A2,1,43,0.5417890381520095,216.71561526080382,1,Neuenkirch-West,86.0,1,87.4,8,142.71561526080382,74.0,356.0,177.99999999999997,265.4,275.4
44,A2,1,44,0.5210034456453311,208.40137825813244,1,Neuenkirch-West,86.0,1,88.4,8,134.40137825813244,74.0,356.0,186.99999999999997,275.4,285.4
45,A2,1,45,0.5393639474112223,215.7455789644889,1,Neuenkirch-West,86.0,1,89.4,8,141.7455789644889,74.0,356.0,195.99999999999997,285.4,295.4
46,A2,1,46,0.6568571800306742,262.7428720122697,2,Bellinzona-Nord,233.0,4,178.6,17,41.742872012269686,221.0,209.0,5.0,183.6,193.6
47,A2,1,47,0.5402471987794428,216.09887951177714,1,Neuenkirch-West,86.0,1,91.4,9,142.09887951177714,74.0,356.0,203.99999999999997,295.4,305.4
48,A2,1,48,0.6222044413529411,248.88177654117644,2,Bellinzona-Nord,233.0,4,180.6,18,27.881776541176436,221.0,209.0,5.0,185.6,195.6
49,A2,1,49,0.5121642325080005,204.8656930032002,1,Neuenkirch-West,86.0,1,93.4,9,130.8656930032002,74.0,356.0,211.99999999999997,305.4,315.4
50,A2,1,50,0.5520414917641971,220.81659670567885,1,Neuenkirch-West,86.0,1,94.4,9,146.81659670567885,74.0,356.0,220.99999999999997,315.4,325.4
51,A2,1,51,0.6136318806509373,245.45275226037492,2,Bellinzona-Nord,233.0,4,183.6,18,24.452752260374922,221.0,209.0,5.0,188.6,198.6
52,A2,1,52,0.23771195242598003,95.08478097039202,1,Neuenkirch-West,86.0,1,96.4,9,21.084780970392018,74.0,356.0,228.99999999999997,325.4,335.4
53,A2,1,53,0.44245918105568577,176.9836724222743,1,Neuenkirch-West,86.0,1,97.4,9,102.98367242227431,74.0,356.0,237.99999999999997,335.4,345.4
54,A2,1,54,0.4153329222272968,166.1331688909187,1,Neuenkirch-West,86.0,1,98.4,9,92.13316889091871,74.0,356.0,246.99999999999997,345.4,355.4
55,A2,1,55,0.38500198731619845,154.0007949264794,1,Neuenkirch-West,86.0,1,99.4,9,80.00079492647939,74.0,356.0,255.99999999999997,355.4,365.4
56,A2,1,56,0.45047439477919693,180.18975791167878,1,Neuenkirch-West,86.0,1,100.4,10,106.18975791167878,74.0,356.0,265.0,365.4,375.4
57,A2,1,57,0.7690894360221913,307.6357744088765,2,Bellinzona-Nord,233.0,4,189.6,18,86.6357744088765,221.0,209.0,3.0,192.6,202.6
58,A2,1,58,0.3441503991752162,137.6601596700865,1,Neuenkirch-West,86.0,1,102.4,10,63.6601596700865,74.0,356.0,273.0,375.4,385.4
59,A2,1,59,0.6742901038264666,269.7160415305866,2,Bellinzona-Nord,233.0,4,191.6,19,48.71604153058661,221.0,209.0,2.0,193.6,203.6
60,A2,1,60,0.19708344110915516,78.83337644366206,1,Neuenkirch-West,86.0,1,104.4,10,4.833376443662061,74.0,356.0,281.0,385.4,395.4
61,A2,1,61,0.4397206946025605,175.8882778410242,1,Neuenkirch-West,86.0,1,105.4,10,101.8882778410242,74.0,356.0,290.0,395.4,405.4
62,A2,1,62,0.529295551718901,211.71822068756038,1,Neuenkirch-West,86.0,1,106.4,10,137.71822068756038,74.0,356.0,299.0,405.4,415.4
63,A2,1,63,0.6055200196446701,242.208007857868,2,Bellinzona-Nord,233.0,4,195.6,19,21.20800785786801,221.0,209.0,0.0,195.6,205.6
64,A2,1,64,0.6280207843627139,251.20831374508558,2,Bellinzona-Nord,233.0,4,196.6,19,30.208313745085576,221.0,209.0,2.0,198.6,208.6
65,A2,1,65,0.6428025023359866,257.1210009343946,2,Bellinzona-Nord,233.0,4,197.6,19,36.1210009343946,221.0,209.0,5.0,202.6,212.6
66,A2,1,66,0.43722948699528125,174.8917947981125,1,Neuenkirch-West,86.0,1,110.4,11,100.8917947981125,74.0,356.0,305.0,415.4,425.4
67,A2,1,67,0.41677667732037793,166.71067092815116,1,Neuenkirch-West,86.0,1,111.4,11,92.71067092815116,74.0,356.0,314.0,425.4,435.4
68,A2,1,68,0.6544356586262877,261.7742634505151,2,Bellinzona-Nord,233.0,4,200.6,20,40.77426345051509,221.0,209.0,3.0,203.6,213.6
69,A2,1,69,0.4655652215213093,186.22608860852372,1,Neuenkirch-West,86.0,1,113.4,11,112.22608860852372,74.0,356.0,322.0,435.4,445.4
70,A2,1,70,0.2703764617991741,108.15058471966962,1,Neuenkirch-West,86.0,1,114.4,11,34.150584719669624,74.0,356.0,331.0,445.4,455.4
71,A2,1,71,0.2960083014793735,118.4033205917494,1,Neuenkirch-West,86.0,1,115.4,11,44.403320591749406,74.0,356.0,340.0,455.4,465.4
72,A2,1,72,0.3344985885197099,133.79943540788398,1,Neuenkirch-West,86.0,1,116.4,11,59.799435407883976,74.0,356.0,349.0,465.4,475.4
73,A2,1,73,0.5894889339296775,235.795573571871,2,Bellinzona-Nord,233.0,4,205.6,20,14.795573571870989,221.0,209.0,0.0,205.6,215.6
74,A2,1,74,0.5256366324927018,210.2546529970807,1,Neuenkirch-West,86.0,1,118.4,11,136.2546529970807,74.0,356.0,357.0,475.4,485.4
75,A2,1,75,0.6242873637321983,249.7149454928793,2,Bellinzona-Nord,233.0,4,207.6,20,28.71494549287931,221.0,209.0,1.0,208.6,218.6
76,A2,1,76,0.42309452365942385,169.23780946376954,1,Neuenkirch-West,86.0,1,120.4,12,95.23780946376954,74.0,356.0,365.0,485.4,495.4
77,A2,1,77,0.5285371443938086,211.41485775752344,1,Neuenkirch-West,86.0,1,121.4,12,137.41485775752344,74.0,356.0,374.0,495.4,505.4
78,A2,1,78,0.6126062709141206,245.04250836564822,2,Bellinzona-Nord,233.0,4,210.6,21,24.042508365648217,221.0,209.0,2.0,212.6,222.6
79,A2,1,79,0.4443176228503571,177.72704914014284,1,Neuenkirch-West,86.0,1,123.4,12,103.72704914014284,74.0,356.0,382.0,505.4,515.4
80,A2,1,80,0.582219542760334,232.88781710413363,2,Bellinzona-Nord,233.0,4,212.6,21,11.887817104133632,221.0,209.0,1.0,213.6,223.6
81,A2,1,81,0.38085333060800275,152.3413322432011,1,Neuenkirch-West,86.0,1,125.4,12,78.3413322432011,74.0,356.0,390.0,515.4,525.4
82,A2,1,82,0.4346503076182871,173.86012304731483,1,Neuenkirch-West,86.0,1,126.4,12,99.86012304731483,74.0,356.0,399.0,525.4,535.4
83,A2,1,83,0.4312871790803008,172.5148716321203,1,Neuenkirch-West,86.0,1,127.4,12,98.5148716321203,74.0,356.0,408.0,535.4,545.4
84,A2,1,84,0.2847488637939729,113.89954551758916,1,Neuenkirch-West,86.0,1,128.4,12,39.89954551758916,74.0,356.0,417.0,545.4,555.4
85,A2,1,85,0.5876550465414048,235.06201861656191,2,Bellinzona-Nord,233.0,4,217.6,21,14.062018616561915,221.0,209.0,0.0,217.6,227.6
86,A2,1,86,0.4155075787635097,166.20303150540389,1,Neuenkirch-West,86.0,1,130.4,13,92.20303150540389,74.0,356.0,425.0,555.4,565.4
87,A2,1,87,0.5022489413709837,200.8995765483935,1,Neuenkirch-West,86.0,1,131.4,13,126.8995765483935,74.0,356.0,434.0,565.4,575.4
88,A2,1,88,0.5865343986030636,234.61375944122543,2,Bellinzona-Nord,233.0,4,220.6,22,13.613759441225426,221.0,209.0,0.0,220.6,230.6
89,A2,1,89,0.58037561168539,232.150244674156,2,Bellinzona-Nord,233.0,4,221.6,22,11.150244674156,221.0,209.0,1.0,222.6,232.6
90,A2,1,90,0.6197693196151015,247.90772784604061,2,Bellinzona-Nord,233.0,4,222.6,22,26.907727846040615,221.0,209.0,1.0,223.6,233.6
91,A2,1,91,0.48227261278830375,192.9090451153215,1,Neuenkirch-West,86.0,1,135.4,13,118.9090451153215,74.0,356.0,440.0,575.4,585.4
92,A2,1,92,0.4238063038320523,169.52252153282092,1,Neuenkirch-West,86.0,1,136.4,13,95.52252153282092,74.0,356.0,449.0,585.4,595.4
93,A2,1,93,0.48565072203684817,194.26028881473925,1,Neuenkirch-West,86.0,1,137.4,13,120.26028881473925,74.0,356.0,458.0,595.4,605.4
94,A2,1,94,0.19627980188755462,78.51192075502185,1,Neuenkirch-West,86.0,1,138.4,13,4.511920755021848,74.0,356.0,467.0,605.4,615.4
95,A2,1,95,0.2395197549638443,95.80790198553773,1,Neuenkirch-West,86.0,1,139.4,13,21.807901985537725,74.0,356.0,476.0,615.4,625.4
96,A2,1,96,0.26191406977620757,104.76562791048303,1,Neuenkirch-West,86.0,1,140.4,14,30.765627910483033,74.0,356.0,485.0,625.4,635.4
97,A2,1,97,0.3204955710317333,128.19822841269334,1,Neuenkirch-West,86.0,1,141.4,14,54.19822841269334,74.0,356.0,494.0,635.4,645.4
98,A2,1,98,0.5719593608102186,228.78374432408742,2,Bellinzona-Nord,233.0,4,230.6,23,7.783744324087422,221.0,209.0,0.0,230.6,240.6
99,A2,1,99,0.33701377003518906,134.80550801407563,1,Neuenkirch-West,86.0,1,143.4,14,60.80550801407563,74.0,356.0,502.0,645.4,655.4
